{"bbr": {"1": {"1": {"delay": 16.169, "loss": 0.0002678620217725358, "tput": 11.95273356074712}, "all": {"delay": 16.169, "loss": 0.0002678620217725358, "tput": 11.95273356074712}}}, "cubic": {"1": {"1": {"delay": 1772.886, "loss": 0.03280664351412976, "tput": 11.99915904394609}, "all": {"delay": 1772.886, "loss": 0.03280664351412976, "tput": 11.99915904394609}}}}